,H.No.,Med_center,URLS,Med_School,Address
0,120127, Abraham Infectious Disease Associates  ,https://freida.ama-assn.org/institution/120127,,"2024 E Pinetree Blvd, Thomasville, GA 31792"
1,128070, AG Rhodes Homes  ,https://freida.ama-assn.org/institution/128070,,"3715 Northside Pkwy, Atlanta, GA 30327"
2,129528, Air Methods Air Life Georgia ,https://freida.ama-assn.org/institution/129528,,"635 Regional Airport Rd, Carrollton, GA 30117"
3,129505, Albany Arthritis and Orthopedic Center  ,https://freida.ama-assn.org/institution/129505,,"2100 Palmyra Rd, Albany, GA 31701"
4,120063, Alfred E Beach High School (APEX Program by Gateway CSB)  ,https://freida.ama-assn.org/institution/120063,,"3001 Hopkins St, Savannah, GA 31405"
5,128064, Ambulatory Care Center Medical College of Georgia ,https://freida.ama-assn.org/institution/128064,,"1120 15th St, Augusta, GA 30912"
6,128103, American Cancer Society Georgia ,https://freida.ama-assn.org/institution/128103,Morehouse Sch of Med,"250 Williams St NW, Atlanta, GA 30303"
7,120130, Archbold Gastroenterology Group  ,https://freida.ama-assn.org/institution/120130,,"112 Mimosa Dr, Thomasville, GA 31792"
8,128069, Archbold Medical Center  ,https://freida.ama-assn.org/institution/128069,,"915 Gordon Ave, Thomasville, GA 31799"
9,120128, Archbold Pulmonary Medicine and Critical Care Services  ,https://freida.ama-assn.org/institution/120128,,"2705 E Pinetree Blvd, Thomasville, GA 31792"
10,129623, Arthritis Center of North Georgia  ,https://freida.ama-assn.org/institution/129623,,"961 Smoky Mountain Springs, Gainesville, GA 30501"
11,128080, Atlanta Allergy and Asthma Clinic  ,https://freida.ama-assn.org/institution/128080,,"895 Canton Rd, Marietta, GA 30060"
12,128095, Atlanta Dermatologic Surgery Consultants  ,https://freida.ama-assn.org/institution/128095,,"3193 Howell Mill Rd, Atlanta, GA 30327"
13,120197, Atlanta Dermatology and Aesthetics  ,https://freida.ama-assn.org/institution/120197,,"232 19th St NW, Atlanta, GA 30363"
14,129622, Atlanta Gastroenterology Associates  ,https://freida.ama-assn.org/institution/129622,,"1955 Textile Way, Gainesville, GA 30501"
15,129535, Atlanta Plastic Surgery  ,https://freida.ama-assn.org/institution/129535,,"975 Johnson Ferry Rd, Atlanta, GA 30342"
16,128045, Atlanta Sports Medicine & Orthopaedic Center  ,https://freida.ama-assn.org/institution/128045,,"3200 Downwood Circle NW, Atlanta, GA 30327"
17,128066, Atlanta Sports Medicine Foundation Inc  ,https://freida.ama-assn.org/institution/128066,,"3200 Downwood Circle NW, Atlanta, GA 30327"
18,128067, Atlanta Sports Medicine Surgery Center LLC  ,https://freida.ama-assn.org/institution/128067,,"3200 Downwood Circle NW, Atlanta, GA 30327"
19,120100, Atlanta Women's Center  ,https://freida.ama-assn.org/institution/120100,,"235 W Wieuca Rd NE, Atlanta, GA 30342"
20,120266, Atrium Health Navicent The Medical Center  ,https://freida.ama-assn.org/institution/120266,Mercer Univ Sch of Med,"777 Hemlock St, Macon, GA 31208-6000"
21,120002, Augusta Behavioral Health Clinic Serenity Behavioral Health ,https://freida.ama-assn.org/institution/120002,,"3421 Mile Padgett Hwy, Augusta, GA 30906"
22,128075, Augusta State Medical Prison  ,https://freida.ama-assn.org/institution/128075,Med Coll of Georgia at Augusta Univ,"3001 Gordon Hwy, Grovetown, GA 30813"
23,120038, Augusta University Athletic Department  ,https://freida.ama-assn.org/institution/120038,,"3109 Wrightsboro Rd, Augusta, GA 30909"
24,120091, Augusta University West Wheeler Medical Clinic  ,https://freida.ama-assn.org/institution/120091,,"1220 W Wheeler Pkwy, Augusta, GA 30909"
25,129522, Augusta University/University of Georgia Medical Partnership  ,https://freida.ama-assn.org/institution/129522,Med Coll of Georgia at Augusta Univ,"108 Spear Rd, Athens, GA 30606"
26,120099, Avita Community Partners  ,https://freida.ama-assn.org/institution/120099,,"915 Interstate Ridge Dr, Gainesville, GA 30501"
27,120023, Barton Child Law and Policy Center at Emory University School of Law  ,https://freida.ama-assn.org/institution/120023,,"1301 Clifton Rd, Atlanta, GA 30322"
28,120122, Bipin Patel MD Pulmonary Disease Office ,https://freida.ama-assn.org/institution/120122,,"2300 Manchester Expy, Columbus, GA 31904"
29,129644, Bluff Plantation  ,https://freida.ama-assn.org/institution/129644,,"963 Bennock Mill Rd, Augusta, GA 30906"
30,128087, Bolingreen Health and Rehabilitation  ,https://freida.ama-assn.org/institution/128087,,"529 Bolingreen Dr, Macon, GA 31210"
31,128019, Brawner Psychiatric Institute  ,https://freida.ama-assn.org/institution/128019,,"3180 Atlanta St SE, Smyrna, GA 30080"
32,129540, Budd Terrace Nursing Home  ,https://freida.ama-assn.org/institution/129540,,"1833 Clifton Rd NE, Atlanta, GA 30329"
33,128057, Caduceus Occupational Medicine (Hapeville Clinic)  ,https://freida.ama-assn.org/institution/128057,Morehouse Sch of Med,"535 N Central Ave, Hapeville, GA 30354"
34,120129, Cairo Internal Medicine  ,https://freida.ama-assn.org/institution/120129,,"1090 5th St SE, Cairo, GA 39828"
35,120103, Carafem Health Center  ,https://freida.ama-assn.org/institution/120103,,"1800 Peachtree Rd NW, Atlanta, GA 30309"
36,120125, Cardiovascular Consultants of South Georgia LLC  ,https://freida.ama-assn.org/institution/120125,,"116 Mimosa Dr, Thomasville, GA 31792"
37,129598, Carl Vinson VA Medical Center  ,https://freida.ama-assn.org/institution/129598,,"1826 Veterans Blvd, Dublin, GA 31021"
38,129548, Cartersville Medical Center  ,https://freida.ama-assn.org/institution/129548,Med Coll of Georgia at Augusta Univ,"960 Joe Frank Harris Pkwy SE, Cartersville, GA 30120"
39,120015, Center for Advanced Pediatrics  ,https://freida.ama-assn.org/institution/120015,,"1400 Tullie Rd NE, Atlanta, GA 30329"
40,120491, Centers for Disease Control and Prevention  ,https://freida.ama-assn.org/institution/120491,"['Emory Univ Sch of Med', 'Morehouse Sch of Med', 'Univ of Washington Sch of Med']","1600 Clifton Rd, Atlanta, GA 30333"
41,128078, Central Georgia Rehabilitation Hospital  ,https://freida.ama-assn.org/institution/128078,,"3351 Northside Dr, Macon, GA 31210"
42,128072, Central Georgia Senior Health Inc  ,https://freida.ama-assn.org/institution/128072,,"5330 Zebulon Rd, Macon, GA 31210"
43,120346, Central State Hospital  ,https://freida.ama-assn.org/institution/120346,,"620 Broad St, Milledgeville, GA 31062"
44,129641, Chatham County Behavioral Health Crisis Center (Gateway)  ,https://freida.ama-assn.org/institution/129641,,"800 E 70th St, Savannah, GA 31405"
45,120029, Chatham Orthopedics  ,https://freida.ama-assn.org/institution/120029,,"4425 Paulsen St, Savannah, GA 31405"
46,120118, Chhokar Clinic  ,https://freida.ama-assn.org/institution/120118,,"2300 Manchester Expy, Columbus, GA 31904"
47,120111, Children's Healthcare of Atlanta  ,https://freida.ama-assn.org/institution/120111,Med Coll of Georgia at Augusta Univ,"1001 Johnson Ferry Rd NE, Atlanta, GA 30363"
48,120481, Children's Healthcare of Atlanta at Egleston  ,https://freida.ama-assn.org/institution/120481,"['Emory Univ Sch of Med', 'Morehouse Sch of Med']","1405 Clifton Rd NE, Atlanta, GA 30322-1101"
49,128043, Children's Healthcare of Atlanta at Scottish Rite  ,https://freida.ama-assn.org/institution/128043,"['Morehouse Sch of Med', 'Duke Univ Sch of Med']","1101 Johnson Ferry Rd NE, Atlanta, GA 30342-1600"
50,128098, Children's Healthcare of Atlanta Hughes Spaulding  ,https://freida.ama-assn.org/institution/128098,Morehouse Sch of Med,"35 Jesse Hill Jr Dr SE, Atlanta, GA 30303"
51,128079, Children's Specialty Services  ,https://freida.ama-assn.org/institution/128079,,"2015 Uppergate Dr NE, Atlanta, GA 30322"
52,129537, Chris Kids Inc  ,https://freida.ama-assn.org/institution/129537,,"1017 Fayetteville Rd, Atlanta, GA 30316"
53,128073, Clayton County Board of Health  ,https://freida.ama-assn.org/institution/128073,Morehouse Sch of Med,"1117 Battle Creek Rd, Jonesboro, GA 30326"
54,120041, Coastal Harbor Behavioral Health  ,https://freida.ama-assn.org/institution/120041,,"633 Stephenson Ave, Savannah, GA 31405"
55,120087, Colquitt County Jail  ,https://freida.ama-assn.org/institution/120087,,"200 N Veterans Pkwy, Moultrie, GA 31788"
56,129608, Colquitt Regional Medical Center  ,https://freida.ama-assn.org/institution/129608,Med Coll of Georgia at Augusta Univ,"3131 S Main St, Moultrie, GA 31768"
57,120120, Columbus Family Medicine LLC  ,https://freida.ama-assn.org/institution/120120,,"2827 Warm Springs Rd, Columbus, GA 31904"
58,128102, Community Advance Practice Nurses Inc  ,https://freida.ama-assn.org/institution/128102,Morehouse Sch of Med,"173 Boulevard NE, Atlanta, GA 30312"
59,129616, Community Health Care Systems (Macon Bibb County) ,https://freida.ama-assn.org/institution/129616,,"250 Martin Luther King Jr Blvd, Macon, GA 31201"
60,129602, Community Service Board of Middle Georgia  ,https://freida.ama-assn.org/institution/129602,,"110 Russell Dr, Dublin, GA 31021"
61,120080, Comprehensive Nephrology Center  ,https://freida.ama-assn.org/institution/120080,,"6300 Hospital Pkwy, Johns Creek, GA 30097"
62,129580, Cornerstone Pediatrics  ,https://freida.ama-assn.org/institution/129580,,"116 S Houston Rd, Warner Robins, GA 31088"
63,128096, Crisp Regional Hospital  ,https://freida.ama-assn.org/institution/128096,Med Coll of Georgia at Augusta Univ,"902 N 7th St, Cordele, GA 31015"
64,129514, CSI Laboratories  ,https://freida.ama-assn.org/institution/129514,,"2580 Westside Pkwy, Alpharetta, GA 30004"
65,129638, Curtis V Cooper Primary Health Care Inc  ,https://freida.ama-assn.org/institution/129638,,"106 E Broad St, Savannah, GA 31401"
66,129539, DaVita Georgia Dialysis for Adolescents and Pediatrics  ,https://freida.ama-assn.org/institution/129539,,"4434 Hugh Howell Rd, Tucker, GA 30084"
67,129521, Dekalb Community Service Board  ,https://freida.ama-assn.org/institution/129521,Med Coll of Georgia at Augusta Univ,"PO Box 1648, Decatur, GA 30031"
68,128074, Dekalb County Board of Health  ,https://freida.ama-assn.org/institution/128074,,"445 Winn Way, Decatur, GA 30031"
69,120021, Department of Juvenile Justice  ,https://freida.ama-assn.org/institution/120021,,"3408 Covington Hwy, Decatur, GA 30032"
70,120143, DePaul USA Daybreak  ,https://freida.ama-assn.org/institution/120143,,"174 Walnut St, Macon, GA 31201"
71,129512, Dermatologic Surgery Specialists PC  ,https://freida.ama-assn.org/institution/129512,,"308 Coliseum Dr, Macon, GA 31217"
72,129519, Dermatology Associate of Georgia LLC  ,https://freida.ama-assn.org/institution/129519,,"1951 Clairmont Rd, Decatur, GA 30033"
73,129510, Devereux Georgia Treatment Network  ,https://freida.ama-assn.org/institution/129510,,"1291 Stanley Rd, Kennesaw, GA 30152"
74,129555, Diabetes and Endocrine Specialists LLC  ,https://freida.ama-assn.org/institution/129555,,"962 Joe Frank Harris Pkwy SE, Cartersville, GA 30120"
75,120024, Discovery Montessori of Georgia  ,https://freida.ama-assn.org/institution/120024,,"3391 Dogwood Dr, Hapeville, GA 30354"
76,128044, Doctors Hospital of Augusta  ,https://freida.ama-assn.org/institution/128044,"['Med Coll of Georgia at Augusta Univ', 'Pacific Northwest Univ of Health Sciences Coll of Osteopathic Med']","3651 Wheeler Rd, Augusta, GA 30910"
77,120068, Dublin Medical Center  ,https://freida.ama-assn.org/institution/120068,,"908 Hillcrest Pkwy, Dublin, GA 31021"
78,120492, Dwight David Eisenhower Army Medical Center  ,https://freida.ama-assn.org/institution/120492,"['George Washington Univ Sch of Med and Health Sci', 'Med Coll of Georgia at Augusta Univ', 'Uniformed Services Univ of the Hlth Sci F Edward Hebert Sch of Med', 'Lincoln Memorial Univ DeBusk Coll of Osteopathic Med', 'West Virginia Sch of Osteopathic Med']","300 E Hospital Dr, Fort Gordon, GA 30905"
79,120117, East Alabama Endocrinology PC  ,https://freida.ama-assn.org/institution/120117,,"1400 Bradley Park Dr, Columbus, GA 31904"
80,128091, East Central Regional Hospital  ,https://freida.ama-assn.org/institution/128091,Med Coll of Georgia at Augusta Univ,"3405 Mike Padgett Hwy, Augusta, GA 30906"
81,129559, Emory at Dunwoody Family Medicine ,https://freida.ama-assn.org/institution/129559,,"4500 N Shallowford Rd, Dunwoody, GA 30338"
82,128081, Emory Clinic  ,https://freida.ama-assn.org/institution/128081,Emory Univ Sch of Med,"1405 Clifton Rd NE, Atlanta, GA 30322"
83,129588, Emory Clinic at Executive Park  ,https://freida.ama-assn.org/institution/129588,,"12 Executive Park Dr NE, Atlanta, GA 30329"
84,128029, Emory Decatur Hospital  ,https://freida.ama-assn.org/institution/128029,Morehouse Sch of Med,"2701 N Decatur Rd, Decatur, GA 30033-5995"
85,128042, Emory Dunwoody Medical Center  ,https://freida.ama-assn.org/institution/128042,,"4575 N Shallowford Rd, Atlanta, GA 30338"
86,128053, Emory Johns Creek Hospital  ,https://freida.ama-assn.org/institution/128053,Emory Univ Sch of Med,"6325 W Johns Crossing, Johns Creek, GA 30097"
87,128083, Emory Orthopaedics & Spine Center (Executive Park)  ,https://freida.ama-assn.org/institution/128083,,"59 Executive Park S, Atlanta, GA 30329"
88,129594, Emory Orthopaedics at Dunwoody  ,https://freida.ama-assn.org/institution/129594,,"4555 N Shallowford Rd, Dunwoody, GA 30338"
89,120017, Emory Sports Medicine Center  ,https://freida.ama-assn.org/institution/120017,,"1968 Hawks Ln, Atlanta, GA 30328"
90,120139, Emory University Hospital  ,https://freida.ama-assn.org/institution/120139,"['Emory Univ Sch of Med', 'Morehouse Sch of Med', 'West Virginia Sch of Osteopathic Med']","1364 Clifton Rd NE, Atlanta, GA 30322"
91,120173, Emory University Hospital Midtown  ,https://freida.ama-assn.org/institution/120173,Emory Univ Sch of Med,"550 Peachtree St NE, Atlanta, GA 30365-2225"
92,129589, Emory University Hospital Pathology and Laboratory Medicine ,https://freida.ama-assn.org/institution/129589,,"1364 Clifton Rd NE, Atlanta, GA 30322"
93,128082, Emory University Orthopaedics & Spine Hospital  ,https://freida.ama-assn.org/institution/128082,Emory Univ Sch of Med,"1455 Montreal Rd, Tucker, GA 30084"
94,120490, Emory University School of Medicine  ,https://freida.ama-assn.org/institution/120490,"['Emory Univ Sch of Med', 'Lincoln Memorial Univ DeBusk Coll of Osteopathic Med']","1440 Clifton Rd NE, Atlanta, GA 30322"
95,128059, Emory University School of Medicine (Briarcliff)  ,https://freida.ama-assn.org/institution/128059,,"1256 Briarcliff Rd NE, Atlanta, GA 30306"
96,129617, Fairview Park Hospital  ,https://freida.ama-assn.org/institution/129617,,"200 Industrial Blvd, Dublin, GA 31021"
97,129543, Feminist Women's Health Center  ,https://freida.ama-assn.org/institution/129543,,"1924 Cliff Valley Way NE, Atlanta, GA 30329"
98,120402, Floyd Medical Center  ,https://freida.ama-assn.org/institution/120402,"['Nova Southeastern Univ Dr Kiran C Patel Coll of Osteopathic Med', 'Med Coll of Georgia at Augusta Univ', 'Mercer Univ Sch of Med', 'Philadelphia Coll of Osteopathic Med', 'Kansas City Univ of Med and Biosciences Coll of Osteopathic Med']","304 Turner McCall Blvd, Rome, GA 30161"
99,129547, Free Clinic of Rome  ,https://freida.ama-assn.org/institution/129547,,"101 John Maddox Dr, Rome, GA 30165"
100,128021, Fulton County Health Department  ,https://freida.ama-assn.org/institution/128021,,"99 Butler St SE, Atlanta, GA 30335"
101,120496, Fulton County Medical Examiner's Office  ,https://freida.ama-assn.org/institution/120496,Emory Univ Sch of Med,"430 Pryor St SW, Atlanta, GA 30312"
102,129599, Gateway Behavioral Health Community Service Board  ,https://freida.ama-assn.org/institution/129599,,"800 70th St, Savannah, GA 31405"
103,129640, Gateway CSB Outpatient Azalea Clinic  ,https://freida.ama-assn.org/institution/129640,,"800 E 70th St, Savannah, GA 31405"
104,120095, Gateway CSB Outpatient Clinic  ,https://freida.ama-assn.org/institution/120095,,"800 E 70th St, Savannah, GA 31405"
105,128028, Georgia Bureau of Investigation Division of Forensic Sciences ,https://freida.ama-assn.org/institution/128028,,"3121 Panthersville Rd, Decatur, GA 30037"
106,129592, Georgia Center for Facial Plastic Surgery  ,https://freida.ama-assn.org/institution/129592,,"613 Ponder Place Dr, Evans, GA 30809"
107,128031, Georgia Colon & Rectal Surgical Clinic  ,https://freida.ama-assn.org/institution/128031,,"5555 Peachtree Dunwoody Rd, Atlanta, GA 30342"
108,128015, Georgia Dept of Human Resources Division of Public Health ,https://freida.ama-assn.org/institution/128015,Morehouse Sch of Med,"2 Peachtree St, Atlanta, GA 30303"
109,120003, Georgia Detox and Recovery Centers (RiverMend Health Centers)  ,https://freida.ama-assn.org/institution/120003,,"1640 Powers Ferry Rd, Marietta, GA 30067"
110,120126, Georgia Kidney and Hypertension Clinic  ,https://freida.ama-assn.org/institution/120126,,"334 Smith Ave, Thomasville, GA 31792"
111,120488, Georgia Mental Health Institute  ,https://freida.ama-assn.org/institution/120488,,"1256 Briarcliff Rd NE, Atlanta, GA 30306-2694"
112,120081, Georgia Pines  ,https://freida.ama-assn.org/institution/120081,,"1102 Smith Ave, Thomasville, GA 31792"
113,128037, Georgia Poison Control Center Grady Health System ,https://freida.ama-assn.org/institution/128037,,"80 Butler St, Atlanta, GA 30335-3801"
114,128001, Georgia Radiation Therapy Center at Augusta  ,https://freida.ama-assn.org/institution/128001,,"1120 15th St, Augusta, GA 30912-6700"
115,128017, Georgia Regional Hospital at Atlanta  ,https://freida.ama-assn.org/institution/128017,Morehouse Sch of Med,"3073 Panthersville Rd, Decatur, GA 30037-0407"
116,128013, Georgia Regional Hospital at Augusta  ,https://freida.ama-assn.org/institution/128013,,"3405 Old Savannah Rd, Augusta, GA 30906"
117,129606, Georgia Regional Hospital at Savannah  ,https://freida.ama-assn.org/institution/129606,,"1915 Eisenhower Dr, Savannah, GA 31406"
118,128061, Georgia State University  ,https://freida.ama-assn.org/institution/128061,,"106 Courtland St SE, Atlanta, GA 30302"
119,120134, Goodman Dermatology PC  ,https://freida.ama-assn.org/institution/120134,,"2500 Hospital Blvd, Roswell, GA 30076"
120,120483, Grady Health System  ,https://freida.ama-assn.org/institution/120483,"['Midwestern Univ Arizona Coll of Osteopathic Med', 'Emory Univ Sch of Med', 'Morehouse Sch of Med']","80 Butler St SE, Atlanta, GA 30335"
121,129526, Gwinnett Extended Care Center  ,https://freida.ama-assn.org/institution/129526,,"650 Professional Dr, Lawrenceville, GA 30046"
122,129613, Habersham Family Medicine PC  ,https://freida.ama-assn.org/institution/129613,,"865 Austin Dr, Demorest, GA 30535"
123,120094, Hall County Health Department  ,https://freida.ama-assn.org/institution/120094,,"1290 Athens St, Gainesville, GA 30507"
124,129632, Hamilton Medical Center  ,https://freida.ama-assn.org/institution/129632,,"1200 Memorial Dr, Dalton, GA 30720"
125,129620, Harbor Grace Hospice  ,https://freida.ama-assn.org/institution/129620,,"320 Parkway Dr NE, Atlanta, GA 30312"
126,120067, HCA Healthcare/Memorial Adult Primary Care  ,https://freida.ama-assn.org/institution/120067,,"6602 Waters Ave, Savannah, GA 31406"
127,120066, HCA Healthcare/Memorial Health Center for Behavioral Medicine  ,https://freida.ama-assn.org/institution/120066,,"4700 Waters Ave, Savannah, GA 31404"
128,120362, HCA Healthcare/Mercer University School of Medicine  ,https://freida.ama-assn.org/institution/120362,"['Med Coll of Georgia at Augusta Univ', 'Mercer Univ Sch of Med']","PO Box 23089, Savannah, GA 31404"
129,129511, Heritage Healthcare of Macon  ,https://freida.ama-assn.org/institution/129511,,"2255 Anthony Rd, Macon, GA 31204"
130,129557, Highland Rivers Health  ,https://freida.ama-assn.org/institution/129557,Med Coll of Georgia at Augusta Univ,"1401 Applewood Dr, Dalton, GA 30720"
131,129516, Hillside Inc  ,https://freida.ama-assn.org/institution/129516,,"690 Courtenay Dr NE, Atlanta, GA 30306"
132,129587, Hope Center  ,https://freida.ama-assn.org/institution/129587,,"135 Macon West Dr, Macon, GA 31210"
133,120011, Hospice Atlanta  ,https://freida.ama-assn.org/institution/120011,,"1244 Park Vista Dr NE, Atlanta, GA 30319"
134,120140, Hospice of Northeast Georgia Medical Center (NGMC)  ,https://freida.ama-assn.org/institution/120140,,"2150 Limestone Pkwy, Gainesville, GA 30501"
135,129584, Houston Healthcare Pavilion Family Medicine Center  ,https://freida.ama-assn.org/institution/129584,,"233 N Houston Rd, Warner Robins, GA 31093"
136,129553, Houston Healthcare System  ,https://freida.ama-assn.org/institution/129553,Nova Southeastern Univ Dr Kiran C Patel Coll of Osteopathic Med,"1601 Watson Blvd, Warner Robins, GA 31093"
137,129560, Houston Medical Center  ,https://freida.ama-assn.org/institution/129560,,"1601 Watson Blvd, Warner Robins, GA 31093"
138,120064, Hubert Middle School (APEX Program by Gateway CSB)  ,https://freida.ama-assn.org/institution/120064,,"768 Grant St, Savannah, GA 31401"
139,128051, Hughston Clinic  ,https://freida.ama-assn.org/institution/128051,"['Kansas City Univ of Med and Biosciences Coll of Osteopathic Med', 'Mercer Univ Sch of Med']","6262 Veterans Pkwy, Columbus, GA 31909"
140,128023, Hughston Foundation  ,https://freida.ama-assn.org/institution/128023,,"6262 Veterans Pkwy, Columbus, GA 31908"
141,129518, Hughston Surgical Center  ,https://freida.ama-assn.org/institution/129518,Kansas City Univ of Med and Biosciences Coll of Osteopathic Med,"6262 Veterans Pkwy, Columbus, GA 31909"
142,120020, Insight Program  ,https://freida.ama-assn.org/institution/120020,,"5110 Old Ellis Point, Roswell, GA 30076"
143,129637, J C Lewis Primary Health Care Center Inc  ,https://freida.ama-assn.org/institution/129637,,"125 Fahm St, Savannah, GA 31401"
144,120123, Jagdish Sidhpura MD Neurology Office ,https://freida.ama-assn.org/institution/120123,,"700 Center St, Columbus, GA 31901"
145,120114, John D Archbold Memorial Hospital  ,https://freida.ama-assn.org/institution/120114,,"915 Gordon Ave, Thomasville, GA 31792"
146,120065, Juliette Low Elementary School (APEX Program by Gateway CSB)  ,https://freida.ama-assn.org/institution/120065,,"15 Blueridge Ave, Savannah, GA 31404"
147,128050, Kennestone Hospital  ,https://freida.ama-assn.org/institution/128050,,"677 Church St, Marietta, GA 30060"
148,129628, Kidney Care Center of Georgia  ,https://freida.ama-assn.org/institution/129628,,"663 Lanier Park Dr, Gainesville, GA 30501"
149,129639, Lakeside Child and Adolescent Crisis Stabilization Unit (Gateway)  ,https://freida.ama-assn.org/institution/129639,,"600 Coastal Village Dr, Brunswick, GA 31523"
150,120113, Laurel Heights Hospital  ,https://freida.ama-assn.org/institution/120113,Morehouse Sch of Med,"934 Briarcliff Rd NE, Atlanta, GA 30306"
151,120097, Laurelwood Northeast Georgia Medical Center ,https://freida.ama-assn.org/institution/120097,,"200 Wisteria Dr, Gainesville, GA 30501"
152,120046, Lawrenceville VA Community Based Clinics  ,https://freida.ama-assn.org/institution/120046,,"455 Philip Blvd, Lawrenceville, GA 30046"
153,120132, Lewis Hall Singletary Oncology Center  ,https://freida.ama-assn.org/institution/120132,,"919 S Broad St, Thomasville, GA 31792"
154,128099, Lighthouse Care Center of Augusta  ,https://freida.ama-assn.org/institution/128099,Med Coll of Georgia at Augusta Univ,"3100 Perimeter Pkwy, Augusta, GA 30909"
155,129625, Longstreet Clinic PC  ,https://freida.ama-assn.org/institution/129625,,"725 Jesse Jewell Pkwy SE, Gainesville, GA 30501"
156,128084, Macy Retirement Center  ,https://freida.ama-assn.org/institution/128084,,"4408 Houston Ave, Macon, GA 31206"
157,129600, Marcus Autism Center  ,https://freida.ama-assn.org/institution/129600,,"1920 Briarcliff Rd NE, Atlanta, GA 30329"
158,129556, Marietta Rheumatology Associates  ,https://freida.ama-assn.org/institution/129556,,"670 North Ave, Marietta, GA 30060"
159,120357, Martin Army Community Hospital  ,https://freida.ama-assn.org/institution/120357,"['Midwestern Univ Arizona Coll of Osteopathic Med', 'Uniformed Services Univ of the Hlth Sci F Edward Hebert Sch of Med', 'Pacific Northwest Univ of Health Sciences Coll of Osteopathic Med', 'Kansas City Univ of Med and Biosciences Coll of Osteopathic Med', 'West Virginia Sch of Osteopathic Med', 'George Washington Univ Sch of Med and Health Sci']","7950 Martin Loop, Fort Benning, GA 31905-5637"
160,120060, Matthew Reardon Center for Autism  ,https://freida.ama-assn.org/institution/120060,,"11500 Middleground Rd, Savannah, GA 31419"
161,129612, McIntosh Clinic PC  ,https://freida.ama-assn.org/institution/129612,,"119 W Hill St, Thomasville, GA 31792"
162,129503, Medical College of Georgia  ,https://freida.ama-assn.org/institution/129503,"['Nova Southeastern Univ Dr Kiran C Patel Coll of Osteopathic Med', 'Med Coll of Georgia at Augusta Univ', 'Lincoln Memorial Univ DeBusk Coll of Osteopathic Med']","1120 15th St, Augusta, GA 30912-5000"
163,128054, Medical College of Georgia Cardiovascular Center  ,https://freida.ama-assn.org/institution/128054,,"1003 Chafee Ave, Augusta, GA 30912"
164,120391, Medical College of Georgia School of Medicine  ,https://freida.ama-assn.org/institution/120391,,"1120 15th St, Augusta, GA 30912-5000"
165,120131, Medical Group of Mitchell County  ,https://freida.ama-assn.org/institution/120131,,"259 US 19, Camilla, GA 31730"
166,120102, Memorial Health Family Care  ,https://freida.ama-assn.org/institution/120102,,"1107 E 66th St, Savannah, GA 31404"
167,128027, Memorial Satilla Health  ,https://freida.ama-assn.org/institution/128027,Med Coll of Georgia at Augusta Univ,"1900 Tebeau St, Waycross, GA 31501"
168,129502, Mercer University School of Medicine  ,https://freida.ama-assn.org/institution/129502,,"1550 College St, Macon, GA 31207"
169,120119, MercyMed of Columbus Inc  ,https://freida.ama-assn.org/institution/120119,,"3702 2nd Ave, Columbus, GA 31904"
170,129631, Methodist Home Macon ,https://freida.ama-assn.org/institution/129631,,"304 Pierce Ave, Macon, GA 31204"
171,128085, Metro Atlanta Recovery Residencies Inc  ,https://freida.ama-assn.org/institution/128085,,"2815 Clearview Pl, Doraville, GA 30340"
172,129529, MetroAtlanta Ambulance Service  ,https://freida.ama-assn.org/institution/129529,,"595 Armstrong St, Marietta, GA 30060"
173,129513, Metropolitan Dermatologic Surgery PC  ,https://freida.ama-assn.org/institution/129513,,"875 Johnson Ferry Rd NE, Atlanta, GA 30342"
174,129564, Middle Georgia Heart and Vascular Center  ,https://freida.ama-assn.org/institution/129564,,"512 S Houston Lake Rd, Warner Robins, GA 31088"
175,129576, Middle Georgia Orthopedics  ,https://freida.ama-assn.org/institution/129576,,"3051 Watson Blvd, Warner Robins, GA 31093"
176,129634, Morehouse Healthcare Howell Mill ,https://freida.ama-assn.org/institution/129634,,"1800 Howell Mill Rd, Atlanta, GA 30318"
177,128090, Morehouse Medical School Public Health and Preventive Medicine Department  ,https://freida.ama-assn.org/institution/128090,Morehouse Sch of Med,"720 Westview Dr SW, Atlanta, GA 30310"
178,120499, Morehouse School of Medicine  ,https://freida.ama-assn.org/institution/120499,,"720 Westview Dr SW, Atlanta, GA 30310-1495"
179,120105, Mount Sinai Wellness Center  ,https://freida.ama-assn.org/institution/120105,,"330 Mount Sinai Dr, Dahlonega, GA 30533"
180,120149, Neurology Associates LLP  ,https://freida.ama-assn.org/institution/120149,,"389 Mulberry St, Macon, GA 31201"
181,129630, Neurology of Central Georgia LLC  ,https://freida.ama-assn.org/institution/129630,,"175 Water Tower Ct, Macon, GA 31210"
182,129626, New Horizons Lanier Park  ,https://freida.ama-assn.org/institution/129626,,"675 White Sulphur Rd, Gainesville, GA 30501"
183,129627, NGPG Internal Medicine  ,https://freida.ama-assn.org/institution/129627,,"3137 Frontage Rd, Gainesville, GA 30504"
184,120138, NGPG Palliative & Supportive Care Ambulatory ,https://freida.ama-assn.org/institution/120138,,"1439 Jesse Jewell Pkwy, Gainesville, GA 30501"
185,120164, NGPG Pulmonology  ,https://freida.ama-assn.org/institution/120164,,"1439 Jesse Jewell Pkwy, Gainesville, GA 30501"
186,120124, Nitin Desai MD Internal Medicine Office ,https://freida.ama-assn.org/institution/120124,,"2410 Double Churches Rd, Columbus, GA 31909"
187,120031, North Atlanta Primary Care  ,https://freida.ama-assn.org/institution/120031,,"3400-C Old Milton Pkwy, Alpharetta, GA 30005"
188,129533, North Fulton Hospital  ,https://freida.ama-assn.org/institution/129533,,"3000 Hospital Blvd, Roswell, GA 30076"
189,120025, North Metro Georgia Network for Educational and Therapeutic Support (GNETS)  ,https://freida.ama-assn.org/institution/120025,,"601 Beckwith St SW, Atlanta, GA 30314"
190,129624, Northeast Georgia Diagnostic Clinic  ,https://freida.ama-assn.org/institution/129624,,"1240 Jesse Jewell Pkwy SE, Gainesville, GA 30501"
191,129611, Northeast Georgia Medical Center  ,https://freida.ama-assn.org/institution/129611,"['Burrell Coll of Osteopathic Med', 'West Virginia Sch of Osteopathic Med', 'Mercer Univ Sch of Med', 'Lincoln Memorial Univ DeBusk Coll of Osteopathic Med']","743 Spring St, Gainesville, GA 30501"
192,120161, Northeast Georgia Medical Center Wound Healing Center  ,https://freida.ama-assn.org/institution/120161,,"675 White Sulphur Rd, Gainesville, GA 30501"
193,129621, Northeast Georgia Medical Center Braselton ,https://freida.ama-assn.org/institution/129621,,"1400 River Pl, Braselton, GA 30517"
194,120050, Northeast Georgia Physicians Group Family Medicine  ,https://freida.ama-assn.org/institution/120050,,"1439 Jesse Jewell Pkwy, Gainesville, GA 30501"
195,120162, Northeast Georgia Physicians Group Infectious Disease  ,https://freida.ama-assn.org/institution/120162,,"1211 NE Sherwood Park Dr, Gainesville, GA 30501"
196,120093, Northeast Georgia Physicians Group Ob/Gyn  ,https://freida.ama-assn.org/institution/120093,,"1315 Jesse Jewell Pkwy, Gainesville, GA 30501"
197,120096, Northeast Georgia Physicians Group Psychiatry ,https://freida.ama-assn.org/institution/120096,,"200 Wisteria Dr, Gainesville, GA 30501"
198,120497, Northside Hospital  ,https://freida.ama-assn.org/institution/120497,,"1000 Johnson Ferry Rd NE, Atlanta, GA 30342-1611"
199,129527, Northside Hospital Duluth ,https://freida.ama-assn.org/institution/129527,,"3620 Howell Ferry Rd, Duluth, GA 30096"
200,128030, Northside Hospital Gwinnett ,https://freida.ama-assn.org/institution/128030,"['Med Coll of Georgia at Augusta Univ', 'Morehouse Sch of Med']","1000 Medical Center Blvd, Lawrenceville, GA 30245"
201,120045, Northside Orthopedic Institute  ,https://freida.ama-assn.org/institution/120045,,"3620 Howell Ferry Rd, Duluth, GA 30096"
202,129558, Northwest Georgia Medical Clinic  ,https://freida.ama-assn.org/institution/129558,,"15 Riverbend Dr, Rome, GA 30161"
203,128071, Oaks at Peake Nursing Home  ,https://freida.ama-assn.org/institution/128071,,"6190 Peake Rd, Macon, GA 31220"
204,120026, Office of Deepti Bhasin MD Inc  ,https://freida.ama-assn.org/institution/120026,,"402 Osigian Blvd, Warner Robins, GA 31088"
205,120030, Optim Health  ,https://freida.ama-assn.org/institution/120030,,"460 Mall Blvd, Savannah, GA 31406"
206,120028, Optim Orthopedics  ,https://freida.ama-assn.org/institution/120028,,"210 E Derenne Ave, Savannah, GA 31405"
207,129577, OrthoGeorgia  ,https://freida.ama-assn.org/institution/129577,,"301 Margie Dr, Warner Robins, GA 31088"
208,120008, OrthoGeorgia  ,https://freida.ama-assn.org/institution/120008,,"3708 Northside Dr, Macon, GA 31210"
209,129534, Orthopaedic South Surgical Partners LLC  ,https://freida.ama-assn.org/institution/129534,,"6645 Lake Dr, Morrow, GA 30260"
210,129506, Orthopedics Associates  ,https://freida.ama-assn.org/institution/129506,,"619 Pointe North, Albany, GA 31721"
211,129585, Peachbelt Health and Rehabilitation Center  ,https://freida.ama-assn.org/institution/129585,,"801 Elberta Rd, Warner Robins, GA 31093"
212,128062, Peachford Behavioral Health System of Atlanta  ,https://freida.ama-assn.org/institution/128062,,"2151 Peachford Rd, Atlanta, GA 30338"
213,129609, Peachtree Orthopedic Surgery Center at Piedmont  ,https://freida.ama-assn.org/institution/129609,,"77 Collier Rd NW, Atlanta, GA 30309"
214,129579, Pediatric First PC  ,https://freida.ama-assn.org/institution/129579,,"1049 N Houston Rd, Warner Robins, GA 31093"
215,129509, Phoebe Family Care Center  ,https://freida.ama-assn.org/institution/129509,,"2336 Dawson Rd, Albany, GA 31707"
216,120315, Phoebe Putney Memorial Hospital  ,https://freida.ama-assn.org/institution/120315,"['Med Coll of Georgia at Augusta Univ', 'Mercer Univ Sch of Med']","417 Third Ave, Albany, GA 31702-1828"
217,129561, Phoenix Center for Behavioral Health  ,https://freida.ama-assn.org/institution/129561,,"940 Georgia Hwy, Warner Robins, GA 31088"
218,129504, Piedmont Athens Regional  ,https://freida.ama-assn.org/institution/129504,Med Coll of Georgia at Augusta Univ,"1199 Prince Ave, Athens, GA 30606"
219,129595, Piedmont Columbus Regional Midtown ,https://freida.ama-assn.org/institution/129595,"['Med Coll of Georgia at Augusta Univ', 'Mercer Univ Sch of Med']","710 Center St, Columbus, GA 31901"
220,120501, Piedmont Columbus Regional Northside ,https://freida.ama-assn.org/institution/120501,"['Edward Via Coll of Osteopathic Med-Auburn', 'Burrell Coll of Osteopathic Med']","100 First Ct, Columbus, GA 31908-2319"
221,128049, Piedmont Fayette Hospital  ,https://freida.ama-assn.org/institution/128049,,"1279 Highway 54W, Fayetteville, GA 30214"
222,120317, Piedmont Hospital  ,https://freida.ama-assn.org/institution/120317,"['Emory Univ Sch of Med', 'West Virginia Sch of Osteopathic Med']","1968 Peachtree Rd NW, Atlanta, GA 30309"
223,129591, Piedmont Macon Medical Center  ,https://freida.ama-assn.org/institution/129591,"['Mercer Univ Sch of Med', 'Lincoln Memorial Univ DeBusk Coll of Osteopathic Med']","380 Hospital Dr, Macon, GA 31217"
224,128101, Pine Pointe Hospice of Central Georgia  ,https://freida.ama-assn.org/institution/128101,,"6261 Peake Rd, Macon, GA 31220"
225,129507, Premier Orthopedics  ,https://freida.ama-assn.org/institution/129507,,"2405 Osler Ct, Albany, GA 31707"
226,120056, Private Clinic North  ,https://freida.ama-assn.org/institution/120056,,"822 Chickamauga Ave, Rossville, GA 30741"
227,120037, Pulmonary & Sleep Specialists of Northeast Georgia PC  ,https://freida.ama-assn.org/institution/120037,,"30 Satellite Dr, Gainesville, GA 30680"
228,120052, Recovery Place  ,https://freida.ama-assn.org/institution/120052,,"835 E 65th St, Savannah, GA 31405"
229,129536, Redmond Regional Medical Center  ,https://freida.ama-assn.org/institution/129536,Med Coll of Georgia at Augusta Univ,"501 Redmond Rd, Rome, GA 30164"
230,120116, Renal Associates LLC  ,https://freida.ama-assn.org/institution/120116,,"1216 Stark Ave, Columbus, GA 31906"
231,129542, Reproductive Biology Associates  ,https://freida.ama-assn.org/institution/129542,,"1800 Northside Forsyth Dr, Cumming, GA 30041"
232,128018, Ridgeview Institute  ,https://freida.ama-assn.org/institution/128018,,"3995 S Cobb Dr, Smyrna, GA 30080"
233,128026, River Edge Behavioral Health Center  ,https://freida.ama-assn.org/institution/128026,,"175 Emery Hwy, Macon, GA 31201"
234,129520, Rockdale Medical Center  ,https://freida.ama-assn.org/institution/129520,Morehouse Sch of Med,"1412 Milstead Ave, Conyers, GA 30012"
235,128033, Rollins School of Public Health of Emory University  ,https://freida.ama-assn.org/institution/128033,,"1518 Clifton Rd NE, Atlanta, GA 30322"
236,129545, Rome Gastroenterology Associates  ,https://freida.ama-assn.org/institution/129545,,"11 John Maddox Dr, Rome, GA 30165"
237,120061, Royce Learning Center  ,https://freida.ama-assn.org/institution/120061,,"4 Oglethorpe Professional Blvd, Savannah, GA 31406"
238,129530, Sandy Springs Fire Department  ,https://freida.ama-assn.org/institution/129530,,"7840 Roswell Rd, Sandy Springs, GA 30350"
239,120062, Savannah Neurology Specialists  ,https://freida.ama-assn.org/institution/120062,,"6602 Waters Ave, Savannah, GA 31406"
240,129603, SkinPath Solutions  ,https://freida.ama-assn.org/institution/129603,,"2000 Lake Park Dr SE, Smyrna, GA 30080"
241,129635, South Atlanta Pulmonary & Critical Care Associates LLC and Center for Sleep Medicine  ,https://freida.ama-assn.org/institution/129635,,"483 Upper Riverdale Rd, Riverdale, GA 30274"
242,120032, South Georgia Medical Center  ,https://freida.ama-assn.org/institution/120032,"['Mercer Univ Sch of Med', 'Edward Via Coll of Osteopathic Med-Auburn']","2501 N Patterson St, Valdosta, GA 31602"
243,129524, South Georgia Medical Education and Research Consortium  ,https://freida.ama-assn.org/institution/129524,,"1 Sweet Bay Court, Moultrie, GA 31768"
244,120141, South Georgia Surgical Associates  ,https://freida.ama-assn.org/institution/120141,,"100 Mimosa St, Thomasville, GA 31792"
245,128068, Southern Regional Health System  ,https://freida.ama-assn.org/institution/128068,,"11 Upper Riverdale Rd, Riverdale, GA 30274-2600"
246,120500, Southwest Community Hospital and Medical Center  ,https://freida.ama-assn.org/institution/120500,,"501 Fairburn Rd SW, Atlanta, GA 30331"
247,128063, Sports Medicine Center Medical College of Georgia ,https://freida.ama-assn.org/institution/128063,,"937 15th St, Augusta, GA 30912"
248,129590, Sports Medicine South LLC  ,https://freida.ama-assn.org/institution/129590,,"1900 Riverside Pwky, Laurenceville, GA 30043"
249,120071, St Francis Emory Healthcare ,https://freida.ama-assn.org/institution/120071,,"2122 Manchester Expressway, Columbus, GA 31904"
250,120254, St Joseph's Hospital of Atlanta  ,https://freida.ama-assn.org/institution/120254,Emory Univ Sch of Med,"5665 Peachtree Dunwoody Rd NE, Atlanta, GA 30342-1764"
251,129523, St Mary's Hospital  ,https://freida.ama-assn.org/institution/129523,Med Coll of Georgia at Augusta Univ,"1230 Baxter St, Athens, GA 30606"
252,129508, Sumter Family Medicine and Sports  ,https://freida.ama-assn.org/institution/129508,,"922 E Jefferson St, Americus, GA 31709"
253,120018, Synergy Health  ,https://freida.ama-assn.org/institution/120018,,"84 Seasons Dr, Hiawassee, GA 30546"
254,128089, Talbott Recovery Campus  ,https://freida.ama-assn.org/institution/128089,,"5448 Yorketowne Dr, Atlanta, GA 30349"
255,129549, Tanner Medical Center Inc  ,https://freida.ama-assn.org/institution/129549,,"705 Dixie St, Carrollton, GA 30117"
256,128097, Taylor Regional Hospital  ,https://freida.ama-assn.org/institution/128097,,"790 US-341, Hawkinsville, GA 31036"
257,120059, The Front Porch (MARC)  ,https://freida.ama-assn.org/institution/120059,,"2203 Abercorn St, Savannah, GA 31401"
258,128048, The Hand Treatment Center (Atlanta)  ,https://freida.ama-assn.org/institution/128048,,"980 Johnson Ferry Rd, Atlanta, GA 30342"
259,120209, The Medical Center Inc  ,https://freida.ama-assn.org/institution/120209,"['Nova Southeastern Univ Dr Kiran C Patel Coll of Osteopathic Med', 'Med Coll of Georgia at Augusta Univ', 'Morehouse Sch of Med']","710 Center St, Columbus, GA 31902"
260,128035, The Shepherd Center  ,https://freida.ama-assn.org/institution/128035,Emory Univ Sch of Med,"2020 Peachtree Rd, Atlanta, GA 30309"
261,128088, Trinity Hospital of Augusta  ,https://freida.ama-assn.org/institution/128088,,"2260 Wrightsboro Rd, Augusta, GA 30904"
262,120073, Turning Point Hospital  ,https://freida.ama-assn.org/institution/120073,,"3015 S Veterans Pkwy, Moultrie, GA 31788"
263,120115, UltraCare Medical Office  ,https://freida.ama-assn.org/institution/120115,,"1711 Buena Vista Rd, Columbus, GA 31906"
264,120005, University Health Center  ,https://freida.ama-assn.org/institution/120005,,"55 Carlton St, Athens, GA 30602"
265,120428, University Hospital  ,https://freida.ama-assn.org/institution/120428,Med Coll of Georgia at Augusta Univ,"1350 Walton Way, Augusta, GA 30901-2629"
266,129596, Urological Health Center  ,https://freida.ama-assn.org/institution/129596,,"1770 Watson Blvd, Warner Robins, GA 31093"
267,129554, VA Clinic Rome  ,https://freida.ama-assn.org/institution/129554,,"30 Chateau Dr SE, Rome, GA 30161"
268,120078, Valdosta Specialty Clinic  ,https://freida.ama-assn.org/institution/120078,,"2418 N Oak St, Valdosta, GA 31602"
269,120055, Vandemark Psychiatry & Counseling  ,https://freida.ama-assn.org/institution/120055,,"2109 N Patterson St, Valdosta, GA 31602"
270,120019, Veritas Collaborative Dunwoody ,https://freida.ama-assn.org/institution/120019,,"6600 Peachtree Dunwoody Rd, Atlanta, GA 30328"
271,120293, Veterans Affairs Medical Center (Atlanta)  ,https://freida.ama-assn.org/institution/120293,"['Emory Univ Sch of Med', 'Morehouse Sch of Med']","1670 Clairmont Rd, Decatur, GA 30033"
272,120272, Veterans Affairs Medical Center (Augusta)  ,https://freida.ama-assn.org/institution/120272,Med Coll of Georgia at Augusta Univ,"1 Freedom Way, Augusta, GA 30904-6285"
273,129517, View Point Health  ,https://freida.ama-assn.org/institution/129517,,"2591 Candler Rd, Decatur, GA 30032"
274,128086, VNHS/Hospice Atlanta  ,https://freida.ama-assn.org/institution/128086,,"6610 Bay Circle, Norcross, GA 30071"
275,128041, Walton Rehabilitation Hospital  ,https://freida.ama-assn.org/institution/128041,,"1355 Independence Dr, Augusta, GA 30901"
276,129578, Warner Robins ENT Associates  ,https://freida.ama-assn.org/institution/129578,,"300 S Houston Lake Rd, Warner Robins, GA 31088"
277,120198, WellStar Atlanta Medical Center  ,https://freida.ama-assn.org/institution/120198,"['Med Coll of Georgia at Augusta Univ', 'Morehouse Sch of Med', 'Mercer Univ Sch of Med', 'West Virginia Sch of Osteopathic Med']","303 Parkway Dr NE, Atlanta, GA 30312"
278,128065, WellStar Cobb Hospital  ,https://freida.ama-assn.org/institution/128065,,"3950 Austell Rd, Austell, GA 30106"
279,120072, Wellstar Health System  ,https://freida.ama-assn.org/institution/120072,,"793 Sawyer Rd, Marietta, GA 30062"
280,129525, WellStar Kennestone Regional Medical Center  ,https://freida.ama-assn.org/institution/129525,Burrell Coll of Osteopathic Med,"677 Church St, Marietta, GA 30060"
281,120074, Wellstar Spalding Regional Hospital  ,https://freida.ama-assn.org/institution/120074,,"601 S 8th St, Griffin, GA 30224"
282,127032, Wesley Woods Geriatric Hospital  ,https://freida.ama-assn.org/institution/127032,Emory Univ Sch of Med,"1821 Clifton Rd NE, Atlanta, GA 30329"
283,128020, West Paces Ferry Medical Center  ,https://freida.ama-assn.org/institution/128020,,"3200 Howell Mill Rd, Atlanta, GA 30327"
284,129531, Whitefoord Community Center  ,https://freida.ama-assn.org/institution/129531,Morehouse Sch of Med,"35 Whitefoord Ave SE, Atlanta, GA 30317"
285,120069, Whitfield County Health Department  ,https://freida.ama-assn.org/institution/120069,,"800 Professional Blvd, Dalton, GA 30720"
286,128058, Willingway Hospital  ,https://freida.ama-assn.org/institution/128058,,"311 Jones Mill Rd, Statesboro, GA 30458"
287,128038, Winn Army Community Hospital  ,https://freida.ama-assn.org/institution/128038,"['Med Coll of Georgia at Augusta Univ', 'Uniformed Services Univ of the Hlth Sci F Edward Hebert Sch of Med']","1061 Harmon Ave, Fort Stewart, GA 31314-5611"
288,129573, Women's Health Care PC  ,https://freida.ama-assn.org/institution/129573,,"1025 N Houston Rd, Warner Robins, GA 31093"
289,120193, YourTown Health/Palmetto Health Council Inc  ,https://freida.ama-assn.org/institution/120193,,"643 Main St, Palmetto, GA 30268"
